session_id,label,session_duration_s,events_count,emg_duration_s,emg_rms_mean,emg_rms_max,emg_rms_std,emg_contractions_count,emg_rest_count,emg_contraction_ratio,hr_duration_s,hr_raw_mean,hr_filtered_mean,hr_filtered_max,hr_filtered_std,hr_valid_ratio,hr_above_threshold_ratio
synthetic_low_001,low,32.48780732565557,4,9.288071940878575,51.89495611734287,382.5790119150864,105.33118582576266,0,18,0.07843205017327279,22.81011558209078,37.336799536424344,63.95137933219635,65.01099924300138,1.3386826905061495,0.5674904146121424,0.0
synthetic_low_002,low,32.31550957520944,3,8.866464710328012,46.42365759113127,745.2570409411949,117.2992767821644,1,18,0.013182697103566392,24.20343817833966,37.786901238042915,63.806281239368616,64.49435746106622,1.355832638907124,0.5674358571272272,0.0
synthetic_low_003,low,34.03263042470758,4,9.186811062306013,28.2691111103889,339.6626044287377,112.74246022668464,2,18,0.0450311355240278,23.27644191175891,34.015727432801015,63.7805913133553,64.77199544096383,1.434406847527332,0.5935697726227389,0.0
synthetic_low_004,low,32.157878401436214,4,9.090363695072194,40.22620491128699,315.15789499678186,89.82831881275803,2,19,0.09853330411865407,23.62889295626763,38.57808852683482,64.07349409274563,64.91674272910254,1.4413462088861884,0.5760124736491241,0.0
synthetic_low_005,low,34.02135569170995,5,9.079483456008784,49.30446143361203,515.9588725304376,93.3032435364703,2,19,0.05027707979083564,24.661688646124922,31.583619755641386,64.25051607963493,65.04308610056353,1.3469847739971355,0.586066900336807,0.0
synthetic_low_006,low,33.441953516839234,4,8.564925203795095,43.53170108471042,492.392966555012,122.23668702656761,2,18,0.0,24.16274357000842,36.94234884432155,63.70881017547722,64.79470198009088,1.2760911165798474,0.5730831234966496,0.03753929427947106
synthetic_low_007,low,36.86396204111048,4,10.501167434685712,3.1075369172407985,87.57372577186041,20.93704430003254,7,15,0.22516318421808867,26.18768678178812,45.04740472741068,64.98704464409555,66.92016764570073,1.1318315033733668,0.7598934585928346,0.008728890641591948
synthetic_low_008,low,33.089576209055444,4,9.4195262391489,34.694041486813006,399.11501895617846,118.75800422148461,1,18,0.04736821274164087,23.32078439567421,40.22169068435701,64.32485417691763,63.76317732647677,1.4616885881285306,0.6476421729456433,0.06158891883580552
synthetic_low_009,low,36.78149482917231,4,10.344605139934401,23.32174589911938,203.28268389353477,47.05522543507314,6,15,0.2857532720177271,27.185413267521277,49.414794027984904,65.49784920990024,67.00452622021766,1.0822203392508927,0.7230400927546499,0.0
synthetic_low_010,low,32.9455583539712,4,9.584245850112382,42.64656020855615,600.211448799737,128.36011635927815,1,17,0.0,24.050343093508072,33.52128648647552,64.03626467274646,65.49521511040969,1.3760858208918854,0.5654176211026427,0.0
synthetic_low_011,low,38.241353937694655,4,10.746718454361138,15.956203989026475,0.0,20.272088601334126,7,14,0.4408011370322348,26.85180299510246,43.2389417285119,65.43169664408981,66.51755718703882,1.156523542367412,0.7382184360841523,0.0
synthetic_low_012,low,38.62991511131468,4,10.810771660572712,0.1046280260595811,293.8542407942668,18.303210578237557,8,14,0.31742975102383253,26.806899752309352,45.47750305331744,65.49741409040455,67.64363801042197,1.019175161654363,0.7290289206428654,0.01971699757324149
synthetic_low_013,low,40.786835324144214,4,10.646573776000503,14.849850864283319,120.00474529430562,6.854688720079578,8,14,0.340290056359155,26.537590716759723,45.31434623961417,65.08672039406655,66.69837556754632,1.0533414632612736,0.6346481102977954,0.0
synthetic_low_014,low,36.362441921821656,5,10.324195061411297,6.205855077346892,148.78495429497426,4.536632080001864,8,14,0.1997611440410925,26.847262213034455,42.47145287017778,65.0759804921161,66.63720769749254,1.1183775013803445,0.6871420235862931,0.0
synthetic_low_015,low,31.809989272956482,3,9.170058594876322,36.104410536333916,474.0948285927429,95.8534172698345,0,18,0.025388411396775615,23.559544506154044,35.26330119150062,63.89794762302708,65.77234876531672,1.3745470646526239,0.5997052933305516,0.0
synthetic_low_016,low,37.21354572179863,4,11.286760551404354,8.249085511091636,45.49658239444322,3.6844063608688877,9,15,0.27002904403133066,26.070651296368943,45.48854486311698,64.98971842846284,66.81762655993208,1.1159185316706521,0.7002637338705804,0.04158542884879237
synthetic_low_017,low,37.86089722273354,4,11.466690190728684,15.107185208888465,229.39150083768726,4.222156726377294,7,15,0.2734917081139548,26.30443113793469,45.17966259001023,65.04748694285324,66.7281336812314,1.1764889167431791,0.7666536250643295,0.0
synthetic_low_018,low,34.84345273945073,5,9.057931085773486,38.874839353218164,484.33413444495744,162.40675589514984,2,19,0.03932600329215496,23.545213424035985,38.54586179889045,64.03843373363698,64.06084630845051,1.448809388383799,0.5650084107709085,0.10556588208081259
synthetic_low_019,low,38.156220599331434,4,10.842605445391285,21.02613828169222,0.0,0.0,6,14,0.32543074302280545,26.180722440262322,48.39953196567574,64.83801345337747,67.76964745820933,1.0425321225093223,0.6668166248757192,0.0
synthetic_low_020,low,38.05575848277517,4,10.994755558296559,15.678293102133622,141.4845248325494,29.446478087247236,6,15,0.36729420142756464,26.953176801408766,45.73323352824951,65.26734036182314,67.6324118583272,1.0676493170513757,0.7200018150026486,0.0
synthetic_low_021,low,38.94178999762606,4,10.41146475460893,3.9701021351373385,22.671775617993262,90.03624324507464,5,14,0.34394694102635004,26.40754472064745,45.3511128618138,65.848714391139,66.57765787620907,1.1048640222162132,0.7097185560350192,0.0
synthetic_low_022,low,33.97426365815744,4,8.839841756822866,42.1179353777964,260.18199658541363,149.07222777468195,1,19,0.09297343522439563,24.508175048973857,36.24323589331872,64.06212521603094,65.27674493601478,1.4225079684643354,0.6177217185337391,0.0
synthetic_low_023,low,37.86354942207868,4,11.157884334759135,6.721740486481994,0.0,6.793839000008443,5,16,0.27057836123926193,25.107305414899894,44.55407337231203,64.77682481662873,67.7870879143881,1.136188722630947,0.7229945548327454,0.02680132674524291
synthetic_low_024,low,36.41139151982498,4,10.441117186539547,0.0,62.66979536734889,0.0,9,15,0.32117918052786293,26.788951093260664,45.207909242472425,65.19992814997457,67.41754783835856,1.037044839472016,0.682796578224601,0.0
synthetic_low_025,low,39.00485323005728,5,10.608610632786187,20.4274956778914,0.0,33.010666649302095,7,14,0.38604465874965443,25.156046058519983,41.701529979805954,65.34206185858535,67.28280258927629,1.1683488405755282,0.725806890886279,0.07383293127148145
synthetic_low_026,low,34.434253556366826,4,8.452376169376267,51.79147078171224,466.2802524033029,136.77548652787607,0,18,0.0529761966296548,23.53488131125698,36.207513565710904,64.18984480813961,64.4715548482552,1.3570816946787467,0.5869169578614283,0.025721941702937453
synthetic_low_027,low,33.4850515482528,4,9.106374863600525,39.15618426940278,611.2969153311585,106.08340167330003,2,18,0.07982092118931854,24.496449876464585,31.606970871739744,63.80032984903131,65.29388738316965,1.444443492839926,0.5893841157437264,0.002478636464970223
synthetic_low_028,low,31.15920507405868,5,9.445583054707473,41.207430660185246,499.10968417679805,58.077616268096875,0,19,0.11713919765216582,23.745532636764178,37.13529997825137,64.24274456518314,64.86072147812298,1.2589466613587055,0.5831486600524151,0.020155966354278857
synthetic_low_029,low,38.076658675258564,3,10.836364406685457,0.0,301.01429682073274,0.0,9,14,0.35500003746361775,25.82277932066154,47.90277117918245,65.15985373863208,67.23153906245669,1.1067557253467382,0.6630203492347803,0.025205342984526716
synthetic_low_030,low,37.0572877995154,4,10.610101504851652,6.147782438564375,0.0,0.0,10,15,0.2721956260349067,26.658871978213753,45.53839083518216,65.1642273606548,67.30399700686577,1.1546168857913253,0.6878999966388236,0.0
synthetic_low_031,low,33.06739200216541,4,9.180401673167166,53.518198887348156,451.84335839292316,111.13956990941843,2,18,0.02908995164580223,24.169599439620534,35.30991648102628,63.93088672040317,64.61833163482935,1.40340284944884,0.6187716854510406,0.011166807934817764
synthetic_low_032,low,36.78387054291698,4,10.734387380659763,19.96078138822078,166.7808911954355,30.0007026540286,6,15,0.47422353299982306,27.253252094071367,44.83900033226523,65.71378456338627,66.80791555102728,1.0626964801816203,0.7452827629684482,0.0
synthetic_low_033,low,37.64136547630293,3,10.840752696653734,12.117855629386629,35.16343955160132,0.0,8,15,0.43616062743483064,26.444680894781936,46.984728603393506,65.4851173261149,66.13569412457637,1.2744685896441044,0.6908703352271712,0.024728330107124233
synthetic_low_034,low,36.63029970180429,4,10.733484779799166,25.628731591703563,159.70346878155684,32.553487902215174,7,14,0.30517162630988176,26.85402679790468,42.09179825993431,65.61005365883865,68.02313458145457,0.980405273240587,0.6619910768873832,0.011483123211657004
synthetic_low_035,low,32.42958954409821,4,9.529751035738945,47.65827410224108,402.76526156723025,164.38884233879133,0,17,0.06378624373488706,23.566371598745967,38.20675754633506,64.48162524957463,64.9406768215296,1.373591603043658,0.5656226128477281,0.029416425923032116
synthetic_low_036,low,37.15611974924702,4,10.900677437526971,4.3313126012542185,28.089417465272373,28.94975215926206,10,16,0.4346630865293649,26.204222848079684,46.31096906143758,65.47716725910401,65.84851464957156,1.20317762543481,0.6482669251714941,0.049847003413920156
synthetic_low_037,low,38.65825228337631,4,10.312893685837576,15.533772756881866,73.91444922140417,28.04524907152803,6,15,0.3516583167025955,27.42609309006739,47.83629403358118,65.2565892916936,66.75875177142814,1.1318166573432689,0.6711910223606272,0.0
synthetic_low_038,low,37.257745218517826,4,10.631221830649249,26.565407177142617,14.294047230316224,20.924893704793874,4,16,0.46652563683981574,25.8068090698543,52.54296242885171,65.28712592719371,65.72646401018329,1.080931119468827,0.7433376638118558,0.09996586031249022
synthetic_low_039,low,36.783235602261534,4,9.971314521029685,24.11702069916823,124.94885798677399,13.626626919892649,7,14,0.4789174483591594,26.595941832750004,46.01091353940116,65.45279278767323,67.23808742270205,1.120217157404955,0.6801553536343466,0.023573417856799787
synthetic_low_040,low,32.39818963564377,4,8.981177764923725,38.842066240734965,436.24295909301287,98.28971650286162,0,19,0.0,22.958393111339042,33.792203254560036,64.43143949627607,64.60575114968864,1.40885657807515,0.5974931519558614,0.06594193105453855
synthetic_low_041,low,38.61305435434468,3,10.56315830217243,17.955893425234816,189.19004193538393,0.0,5,15,0.24421890823373144,26.389345920425615,45.76359832601791,64.8295032225292,67.39817704486775,1.095649910475729,0.7358907618128697,0.0
synthetic_low_042,low,32.35025505895667,4,9.277196023511621,42.28141446209835,715.7491990269807,70.58094455818446,1,19,0.014624596384642106,22.823945291987915,35.310731074546396,63.50867384744542,65.66806970619918,1.345011519405732,0.5699865390683054,0.0
synthetic_low_043,low,34.32922179631563,4,8.476220034000308,47.156414203840505,502.72775502286896,150.17091673673127,0,20,0.15723976863262099,23.486692425570883,36.530227343461796,63.781820981006405,65.05431488530103,1.3544027690386293,0.5986393741290608,0.0
synthetic_low_044,low,37.246755011341904,4,10.836449193473424,8.011765722858508,47.37170622438409,15.602183197332238,6,14,0.3246714233945165,26.40322366654658,46.84436607466089,64.91054543775785,66.82642149952004,1.0910083348654307,0.7279488290019185,0.0
synthetic_low_045,low,37.34362457661576,4,10.420414633810857,11.671544310318815,198.89544886762914,32.685436769906346,7,16,0.3528416506560741,26.694478754114513,42.58392287594006,65.57879444765052,66.77304821435176,1.175956700187379,0.7390112922766706,0.0
synthetic_low_046,low,37.25447321503178,4,10.759702809305022,13.770489821911287,0.0,12.106040240102299,10,13,0.3753414479872632,27.284875219384503,42.882946892734935,65.08849385444144,66.50467027809798,1.225299366623783,0.7365629883251107,0.05757126872323662
synthetic_low_047,low,35.82017813141306,4,11.417370966238762,18.590897176417833,7.734614841404088,27.075592082912195,9,16,0.25221451708565606,26.878875739363107,45.44084116727055,65.47742876197745,67.18987921967114,0.9530219506658726,0.6933363427746038,0.009927918144814592
synthetic_low_048,low,32.41884367519537,3,8.754213646175803,32.58511250285197,376.4188002927928,132.52336165390358,0,20,0.08505259478899752,23.637233820296526,35.33738497597319,64.21345461850431,64.71507381269186,1.3741253910875804,0.6595986275487423,0.0
synthetic_low_049,low,32.56670600490555,5,8.622462980186626,32.745112036185034,650.891084222933,91.9374028084296,0,20,0.11741360238605703,23.05863259117829,37.630206741275536,64.59310203236305,65.34233477145645,1.4491708849514657,0.6073085381729111,0.04651266729767706
synthetic_low_050,low,32.59639014655708,4,8.523673232381414,41.76946774088435,563.6211227931979,111.28763561489802,2,18,0.126834396350227,23.44029433415081,36.17472657331547,64.2702107190849,64.30448132317117,1.3985589137983845,0.552277555893339,0.06389634146190826
synthetic_low_051,low,39.27916419514468,3,10.718031989802945,23.354226020795856,185.0206413428722,34.21247695488946,3,16,0.3038479577407595,27.239386492235152,46.323694033905156,65.2255190278039,67.31723122060409,1.0947023175295407,0.7029804799718183,0.0
synthetic_low_052,low,37.152664836381895,5,11.254586905304818,9.785110357423973,12.842622739004668,8.404241071671304,5,14,0.25218935440143975,25.929939391893168,45.70385938278518,65.30296765378488,67.76745858889134,1.0414263192517081,0.7330268124528382,0.0
synthetic_low_053,low,37.544731420872026,4,11.08591837748916,11.142932621962117,121.16955886560731,3.2806711516419416,6,15,0.3520457207477194,27.386634871875046,45.983529373432184,64.77442829857928,67.31254996927908,1.2639700617723009,0.7069409641337833,0.0
synthetic_low_054,low,32.17032939234869,4,8.895984251693445,46.673617885749046,499.4006142555393,73.20272370417716,3,19,0.012358903242129085,23.212146277787298,37.775886198812806,64.10194250946897,65.32596278464297,1.4958467227725412,0.5780620494504346,0.0
synthetic_low_055,low,33.1583060064451,4,9.453772358786999,42.435336540910825,672.8026211183642,127.14030034808493,3,18,0.06297342893311839,24.785439948584685,36.3604710900065,64.16665847774114,64.86821914492158,1.348942640984883,0.5485117419829288,0.0
synthetic_low_056,low,38.78891378480392,5,10.402930683376239,16.908259182376785,18.04479166584882,0.0,6,15,0.34566951461510215,26.797290764200323,45.29675010799764,65.23261976434317,67.40476693361127,1.0097717856765818,0.704437795433351,0.004497807406339488
synthetic_low_057,low,38.38037954224764,5,10.533391625569262,15.052534709504389,82.69777633368997,51.32935292634754,7,15,0.35813297814661654,26.638550205235894,44.82636467701346,65.29073762355985,67.53142060357612,1.0396109207317759,0.7076648898164858,0.0
synthetic_low_058,low,32.44694272130235,5,9.52873376893666,54.42900727794799,412.59998915262315,104.30590113254553,0,19,0.015323213380311014,24.042899805543982,38.61221853600465,63.98536058756705,65.64280377313706,1.3732016198492643,0.6081808693344488,0.0
synthetic_low_059,low,36.213241341282476,4,10.899455202182654,12.792783047242706,249.33650269409844,0.0,5,14,0.3151858900880286,26.68067032348359,45.263669658808446,65.3388855163101,66.38051959036284,1.1988560216980897,0.701256408039597,0.05586479157940638
synthetic_low_060,low,32.635578680394374,4,9.728526441191503,24.56617154017672,531.8375533356203,102.2683289156745,3,19,0.07665280262256505,22.327115459517994,35.94362710582574,63.858453488933996,64.34343837393318,1.4406896800391282,0.5400355446165352,0.09826637542268563
synthetic_low_061,low,32.97308859261741,4,8.748944678901239,53.67216811355277,605.0050590622335,125.33029180094576,2,19,0.03138050157454143,23.535343834011318,34.028543290218096,63.97266075152636,65.58576016856136,1.3236680086937247,0.6138128600180832,0.004579286934688153
synthetic_low_062,low,36.526851875304864,4,11.337932882668248,18.046069107199557,0.0,28.12942848014243,9,16,0.3221007458436201,26.019673948359685,47.265790297847225,65.35151338682414,67.44309803744768,1.1467305753971204,0.7349700331673936,0.0
synthetic_low_063,low,37.78288727029158,4,10.575358051397824,22.8479860798167,98.55149923165777,65.29851728985287,6,15,0.25038628556095577,26.10701610830903,47.096286213756066,65.5757973056558,68.46760524819302,1.0995554850290585,0.6759031392942235,0.03766628801886207
synthetic_low_064,low,37.69676626737287,4,10.885437797292209,6.236161467155389,29.82834280823728,0.0,8,15,0.2864266438394804,27.66862554951126,43.1654979846855,64.78523713413242,67.11109798206739,1.1732851683154384,0.7538681568327998,0.0
synthetic_low_065,low,34.805932315363336,5,9.336189709664112,50.22741116783264,344.9797571744108,72.44001256917099,3,18,0.10187598200113265,22.967440867848794,40.697943180151775,63.53048002089805,64.314170372606,1.4593667754448747,0.5055857631956268,0.018928443404745806
synthetic_low_066,low,38.26572689121834,4,10.945881900676007,0.0,176.52877521803606,0.0,6,14,0.2330949227757137,27.361869917795264,44.781040445130124,65.33719341327816,66.97677549834813,1.1365367577013676,0.7059922391158415,0.0
synthetic_low_067,low,32.10883883021226,4,9.943748484823184,33.236536424730346,342.968171717466,73.27541726091037,0,19,0.15086300718798076,23.631977017633904,36.16990467494785,64.54594105402853,65.08608008889072,1.4364899811525083,0.5679482435447416,0.0022121927111886878
synthetic_low_068,low,38.47281977943836,4,10.93095679596152,12.923822836240648,64.88387590382263,0.0,8,15,0.3837713731606435,24.349640091132795,50.22839930060741,65.18903199536744,67.54852250915665,1.0387477020093203,0.72195832829072,0.0
synthetic_low_069,low,33.418230205683095,4,9.517048677857854,41.01659170976037,535.3201097888605,87.02252514534014,1,19,0.1159179924722043,23.728396758323825,36.20995296350177,64.0205735698559,65.0977901759679,1.395219341675995,0.5512594587409702,0.03342039804711826
synthetic_low_070,low,38.59835578420425,5,10.272690675061735,10.373269256418734,0.0,36.40459625313109,7,15,0.2784644872300112,26.257434659195965,48.384568693824484,65.44318145669371,66.94479939774423,1.1552812693532044,0.7272349430453549,0.0
synthetic_low_071,low,37.78960162659835,4,10.162641365586895,1.8281402212153637,0.0,50.75467181925602,5,15,0.23319587919886725,26.05379959721596,46.13941922210459,65.01818346200142,67.53935659069171,1.2046715815329514,0.6367028117976896,0.0
synthetic_low_072,low,30.29435604666322,5,8.576015867887044,30.50007822994243,584.9130371161293,164.52515837380062,3,18,0.09171903127491665,24.133628725222845,38.78405070616083,64.085707213185,65.05157691504805,1.3622250739685469,0.5608726175490019,0.0
synthetic_low_073,low,38.17355912451852,5,10.850626864095522,14.965172815970183,312.88696163877455,37.5101187433486,7,15,0.3389625919211186,26.45070763981303,45.9726368206036,65.63220912036711,66.73255416419457,1.1388897004660368,0.7319727653053455,0.0
synthetic_low_074,low,39.226545822183766,4,10.429766268807434,13.948932890848154,105.91892463150273,18.124069261927826,9,15,0.2995210683239974,26.797870023560204,46.84257502454814,64.83644325755326,67.5689337389994,1.0863870133481746,0.6955017844580308,0.03756879935379729
synthetic_low_075,low,36.689287589090426,4,10.915694615952576,16.744847280574568,164.0169526637999,28.065038212261392,6,15,0.243120883463597,26.314147838549506,46.84931396995562,65.12169412800657,68.22162350406387,0.9838060951093144,0.6873938855971309,0.0
synthetic_low_076,low,38.2827649859983,4,10.931569798446615,3.897998046857923,126.26493313353822,0.0,6,16,0.4304680515041006,26.193716071838427,46.60883887675913,65.59857916710146,67.33722440145041,1.0881559017242775,0.6814017477989056,0.043405157147896486
synthetic_low_077,low,36.99941987495143,4,10.402897736884308,4.8082429823204365,60.23587037872727,0.0,7,14,0.33992737663642,27.118863680122505,41.52884546627827,65.3455914791968,67.60766514874122,1.0278058319176853,0.7535298806412065,0.02095095046830226
synthetic_low_078,low,37.76251928298324,4,10.272436124596735,17.964934324725164,0.0,16.78641395906179,9,15,0.4045389560789217,25.598247465486907,44.63994205695838,64.80268111209895,67.03613155080737,1.1560718774771952,0.7059435380809557,0.0613525029985076
synthetic_low_079,low,34.022223040734545,4,9.220891860909353,49.293065293344526,349.05457977902233,108.7712087716087,0,17,0.0,22.61598853663248,37.294596958286434,63.509014225214266,64.72740403067897,1.4186821880793703,0.5967094358483879,0.0
synthetic_low_080,low,30.863179608365535,4,8.145952237546597,42.380733292014085,706.907973038742,123.9121054596584,2,19,0.006426052423691056,23.822204372601036,38.39871587260801,63.840771704718236,64.7851264238074,1.3312056896199078,0.5859344592268857,0.027334580288565655
synthetic_low_081,low,36.84131125688557,5,10.999637047829033,2.154891995495854,2.8198863241076637,36.422295876696396,6,15,0.38066846596069825,23.98422050145027,45.54753417692478,65.21061148094522,66.79603454057207,1.1252332036258612,0.7232913093348768,0.00710254721623046
synthetic_low_082,low,38.47072361335911,4,10.01804303780228,22.416078328987254,176.030317419991,0.0,6,15,0.4259295559067868,26.426278923977513,42.589850013398895,65.50044469567538,66.39079718582916,1.089001916705746,0.6807721758295697,0.0
synthetic_low_083,low,33.124652652565516,4,8.520713034750672,48.65777238175347,530.3448022896669,161.03732544151447,0,18,0.044186024741542235,24.23456933085342,36.085948104592156,63.64306616315816,65.5978351066751,1.3458474493716464,0.6095082524729296,0.03810992003961057
synthetic_low_084,low,32.84516846432105,4,9.254867375242881,51.88932820287618,374.58439856268495,121.57429755153566,0,19,0.07998677084680043,24.299025350528158,36.90592813305987,63.867364165042034,65.4039575212965,1.2819375447567747,0.5314143406443977,0.0
synthetic_low_085,low,38.47812626202199,4,10.820205397735092,22.05751843623855,24.641312044372697,38.60125002189793,7,14,0.3051820287082399,26.218044560179337,45.59100826961988,65.27812739952543,67.29114411389845,1.1385756003687746,0.6312625994402793,0.0
synthetic_low_086,low,34.571882129639185,5,9.119229441588807,36.832121658375094,526.2181127612114,92.55069302385586,4,18,0.028622525594086304,23.637118131460117,34.29575023369828,63.703851809003815,65.5941745701767,1.3239138094542104,0.5521457014727179,0.02683263762636431
synthetic_low_087,low,34.44130263090675,4,9.487610244259175,36.80814727392602,329.894906999092,142.85943703447143,1,18,0.13992093787141116,23.912979712123995,38.138227912728716,64.6598932318102,64.68147472683673,1.4260727552076589,0.5850317626935436,0.013429613943162846
synthetic_low_088,low,37.70012346276716,4,10.24074434252351,16.082742483403248,0.0,19.56669375016734,8,13,0.24493809770544991,26.226046738856542,46.44917356633273,65.18086526884137,66.9772901715546,1.2374843717609096,0.6675844233780702,0.05677425081813852
synthetic_low_089,low,38.596530321957154,4,11.114791669375892,12.502674200044428,149.38601257791498,31.866511841424394,5,15,0.3396246976178855,26.522505257491417,45.5766582464537,65.20539866433988,67.40226074271003,1.1430392610813962,0.7046116731274128,0.0
synthetic_low_090,low,36.558215092773914,3,10.9580131192023,19.546227146707427,0.0,20.542457365460155,8,15,0.23976729964598986,26.327085462616687,48.60539609168184,65.30687272733856,67.26685677628114,1.1278075302424442,0.6782178947604738,0.0
synthetic_low_091,low,33.40033042537162,3,9.382064588783992,52.44904886149194,424.5383208959593,82.56517416639548,1,19,0.0,22.678608082119847,36.19872455405715,63.74995900635395,64.59551383055158,1.2312638815306003,0.6008814262701074,0.01693602514348177
synthetic_low_092,low,33.55027902552054,4,8.947963737684738,33.798324974628486,580.5223353945316,102.28977604464649,4,18,0.03819017342580152,23.26477184337126,36.646242319498086,64.03377829626504,66.2435783041521,1.344415718298295,0.5742070187642715,0.0032796922841589306
synthetic_low_093,low,38.90975257519684,4,11.013183674008708,18.338482247280147,0.0,33.401542914128584,6,14,0.2627624519645963,26.39958727296085,46.800852561475985,64.81538579688032,67.0939698846656,1.1429649692434904,0.7591671713122903,0.0
synthetic_low_094,low,34.06363209241754,4,9.243098666830297,42.52606196373803,531.6187222191481,88.45000747022998,4,19,0.08081326629457056,23.646488088153294,36.28987045204599,64.16116277448494,64.65781535930138,1.222916296478093,0.5024796784207826,0.0
synthetic_low_095,low,31.85629905551654,4,9.185596981379696,39.493935655837525,178.67395445584174,104.48254263385002,2,19,0.07594773830459062,22.6848787856819,38.00912697695885,63.82521601503531,65.17496511188088,1.3740928492515765,0.5542469706699228,0.0
synthetic_low_096,low,38.65140960492224,4,10.62557808930584,15.238010130625973,177.7239814496449,9.385177914043156,6,15,0.3873891014710987,28.0096521631083,42.97797428083273,64.89773075349572,66.91644985323629,1.1129373267653073,0.7271476425887105,0.0
synthetic_low_097,low,34.41214218391347,4,9.314286564458353,51.085024578953096,520.8319577387011,108.08893359423202,2,17,0.01600687888974433,22.709994885718395,37.82106453081254,63.959948362860445,64.59257734597256,1.3556763755861803,0.5973346505172076,0.0957356152998996
synthetic_low_098,low,37.32142002824384,4,10.796007875152974,26.356429239559564,48.05749690115051,0.0,5,15,0.2887141216740262,27.992355758647584,49.54960462660915,64.91630186236999,66.64819169768846,1.1105401545120384,0.7453272839445524,0.0028506568185525626
synthetic_low_099,low,32.38008030397991,4,8.922533801734007,35.41298419986587,491.0279858058293,145.70715740888167,1,18,0.03345364570111256,22.339390037826217,39.04869835963581,63.97627520376003,64.91066700046247,1.5721018516076455,0.5922332263304708,0.0
synthetic_low_100,low,36.738711610280696,4,10.132308496124471,11.631356853061568,189.24278136138213,0.0,6,14,0.24314470384893333,26.897645966772654,45.881497731560394,65.52322915270518,67.99976874906038,0.9877895510440837,0.7150263042237343,0.0
synthetic_moderate_001,moderate,56.70787522260625,6,8.113265720580547,112.85399725797001,642.0297221976555,158.57027488843116,4,14,0.025252451343035668,34.43528957345044,41.66587603182704,68.30696271622298,70.66210520091933,7.850971902817785,0.6546636740983148,0.5885854361873133
synthetic_moderate_002,moderate,49.726763820629394,8,11.662516964235708,119.35826629620003,630.9548415563626,150.76524474909002,2,16,0.012507589361982784,34.65717477909353,41.99306034838263,73.28895929452419,81.19341762153131,6.71209529003376,0.5675096067852157,0.4587687357713653
synthetic_moderate_003,moderate,43.974170525821755,7,6.201314628708003,113.0573266711696,631.8833468045633,149.86744022558383,4,17,0.0,34.572603865025485,41.12615352496632,76.98043970847074,82.44130950077258,7.26889662566311,0.7439840392000993,0.5911106878699119
synthetic_moderate_004,moderate,62.77837376835892,2,32.36864532533972,65.42202583538625,699.2419856059649,114.4747874154451,17,45,0.25587054829849865,33.995057889276026,19.377253158668218,57.52531665767845,57.61105260813592,3.4479108968088776,0.48205705142465577,0.0
synthetic_moderate_005,moderate,58.17407952494766,4,31.331576402342115,82.05515537441185,685.2515442963073,120.78348605598772,10,28,0.31045597721506835,34.14928909324634,24.21139995204875,51.16566487345549,55.118165790835555,2.4229051484905586,0.41943571580451583,0.056355253988827285
synthetic_moderate_006,moderate,46.39898499064159,7,13.89394341889497,136.73537638344095,638.0244684828377,172.69778747946606,0,30,0.0,34.466358268025736,47.662144718205695,67.55767534476574,75.4036438720566,6.304821203210778,0.7716970939201035,0.46611736704881235
synthetic_moderate_007,moderate,47.45177608396808,5,5.155096910702383,117.5810055200245,604.7014394821606,142.96750019004168,6,19,0.0,34.29814897544853,53.878233261784004,65.59213077325418,83.74942221900055,7.5737747402065825,0.6583837222345353,0.4443820860189336
synthetic_moderate_008,moderate,44.97981977066317,6,12.050506359802801,143.06644462731668,593.1643946087792,147.92779851084566,7,16,0.06576752756642211,34.527437586296145,61.88856194099478,63.78420729464587,80.74522398202443,8.358658290221836,0.644114820773951,0.644625270166826
synthetic_moderate_009,moderate,41.74790003442158,6,3.8888637431765334,106.74317778486494,633.9492267323187,153.59093837707067,0,9,0.007883371308237385,34.44398763049993,47.17990045606792,69.76531791259694,63.23587223961288,5.464417099341533,0.8731386952635474,0.47229496003025373
synthetic_moderate_010,moderate,35.86983950224331,7,9.043293956498848,101.45622670925304,621.4602994224252,147.38345665955893,1,26,0.0,34.513721336061586,47.40473357439741,71.31227284951765,76.0025059973273,6.153233777101195,0.6922156402284633,0.43361657182568564
synthetic_moderate_011,moderate,43.519477446004515,7,6.506472284803853,109.5337092103744,601.3153970892666,138.01053822591035,4,17,0.057319676580059355,34.68266994645212,54.31873433707364,66.19182079809248,75.6812054385592,6.274189334041173,0.6652909297805353,0.5858149090193795
synthetic_moderate_012,moderate,46.64121689549134,7,9.62781212460977,107.8701389790269,644.6305426827306,154.72420401532477,0,13,0.0,34.67962742819305,56.933336438906686,74.07826096268136,76.09261846139053,7.62163337366883,0.6353740218783452,0.5409091877142489
synthetic_moderate_013,moderate,62.86236628182621,3,36.9092519679622,83.17365892516573,727.6421649678957,120.50152156283941,19,53,0.23793357616463273,34.0057279091362,27.697983998992363,50.6070288976559,53.319025783581104,3.79916260818594,0.5271849478925212,0.0
synthetic_moderate_014,moderate,66.83724052013743,4,39.58929373402475,68.04293842526837,685.6750275656505,110.23337937979431,17,51,0.33920707599516475,34.076295532312464,10.962130160579267,48.508892652232625,47.36826036511161,4.286489648917228,0.5444673096647555,0.10418377773240563
synthetic_moderate_015,moderate,50.8061068315756,8,10.973183055748647,105.75184629135344,624.3777707305636,157.40811386268726,0,20,0.032402912697201185,34.658217920371925,56.24243675834379,68.94901697404254,82.12221668406127,8.610887990454708,0.7162192139805676,0.5958878516889468
synthetic_moderate_016,moderate,41.368816044883886,6,8.143502496729703,112.37344227633908,622.4107656308188,167.30856076571447,2,16,0.051746224488774195,34.46017903559959,55.92915497471668,70.0394593287715,74.49543741015272,7.210904743783597,0.60562272933151,0.3894152104816467
synthetic_moderate_017,moderate,57.16730027746486,5,5.889428306759311,109.29671808881635,619.1214966135357,162.40338366385976,2,23,0.002264175711732463,34.34228820794193,41.30162991535299,71.62834639296642,75.80329601884324,7.927215017639284,0.7345716772948182,0.3818981123582348
synthetic_moderate_018,moderate,66.08276528684482,3,33.2194159793114,68.96038690192928,686.4624371068508,128.50082290415386,23,38,0.4276181379491626,33.98375135444991,23.136277405528737,51.07619824736077,58.462856769786015,3.493183877096601,0.4526267515619061,0.0
synthetic_moderate_019,moderate,40.554419645357626,4,5.034496448416014,116.84740996588981,620.4716888937536,170.43829056608328,0,22,0.016127339688851067,34.45865050398981,36.12194147759255,68.14832517386489,90.30419808954217,5.719044100042663,0.5887446128723752,0.798785227297214
synthetic_moderate_020,moderate,53.4201671496856,5,35.4583244105089,77.76730497225098,702.4350511228474,121.93127098711489,20,46,0.34125152698469974,34.02868598218108,21.33248418516286,50.795136346175155,55.08349057113385,4.2534502174692115,0.47584099837057514,0.0
synthetic_moderate_021,moderate,68.13289153695453,2,41.69400268652949,80.14472697113675,723.9172262252778,123.66362433643663,23,37,0.4074293342626509,34.034812446600625,30.32586346063938,45.36005046740303,56.849149206241876,3.38193824190753,0.39194786160973316,0.041846196640150955
synthetic_moderate_022,moderate,63.57365481040643,2,26.33814988894188,74.0755905556643,688.530041201862,116.9007102339841,10,43,0.3000895019793341,33.92053038456943,26.80920875136782,55.38878681878329,48.440835399630124,2.5814567645262456,0.38157834846640004,0.0
synthetic_moderate_023,moderate,60.35213063003648,3,35.954778136455985,78.33551859165283,675.617065618164,121.69569952141494,25,39,0.34440351853377904,33.91667755733699,21.719654407493408,56.03116937590694,57.03088432282051,4.390542383549321,0.46420226007348003,0.2965194297014733
synthetic_moderate_024,moderate,39.667134005989666,5,11.368234707676056,98.63914810216028,614.1779095717255,166.9564000049195,2,23,0.0,34.31648951351419,52.9477358980396,72.40459700655921,79.16146908361127,7.0005074524824655,0.6473902293350253,0.8657912838639132
synthetic_moderate_025,moderate,47.86198076570318,5,5.142031653980093,113.0388406372943,601.9155039639485,146.81471349750638,0,23,0.019494184102534395,34.523093130285716,53.8689407209726,67.90045112421946,76.83606728227804,6.725184547138977,0.7326417539660256,0.4621182788660517
synthetic_moderate_026,moderate,68.21207859465316,3,32.326254840208634,84.59587504852672,695.6559776617057,114.35265575448723,17,43,0.2511256903659197,33.971029117343804,25.136980759116753,52.098857811572394,55.128496643281636,1.7189257487169487,0.4345399486474099,0.0
synthetic_moderate_027,moderate,43.239078976620114,7,10.126853691519587,107.71736886000649,621.8904855799635,156.53380334985667,0,26,0.0,34.669037618471656,50.93786795653925,71.13615362656775,80.40488795524075,7.321473600975566,0.760831601880554,0.5180268637821174
synthetic_moderate_028,moderate,49.14919115524408,5,16.76388782850944,108.4444297673498,630.9154126057127,152.5023183717577,0,10,0.0,34.514197576402545,38.6761692504343,63.69661935735603,73.9747385906941,4.489753017205735,0.768170459189383,0.2179348779409982
synthetic_moderate_029,moderate,69.11769257597302,2,37.33278841702348,69.99604153593764,671.4909385023306,116.7263329618692,16,40,0.3171989876726987,34.148960422958375,21.368496628811418,48.515513089971186,50.70268387957176,2.8411317474065907,0.3041951770680765,0.0
synthetic_moderate_030,moderate,60.05528432093879,4,34.929685024480946,94.79011892168478,738.9592751483202,126.17563578064579,23,43,0.3385979960266337,34.249850296837984,24.967619192996946,56.29865633371139,51.60643571638448,2.666521086709767,0.45636955173072624,0.020037345416508652
synthetic_moderate_031,moderate,73.01652759548197,3,26.233498717412605,75.11305578936211,713.5960893424606,119.94853036757604,17,38,0.25083929285939327,33.946688086804336,24.76047503930363,47.239051802982445,57.84925417607261,4.499621091640385,0.45731292317965866,0.0
synthetic_moderate_032,moderate,45.87146140047893,5,15.158110524756268,107.0650907120899,613.990195391159,154.2868153974699,5,25,0.0,34.592211924480054,37.62927218311657,65.44530782292786,71.7133532402041,7.920166886015978,0.7595704271261305,0.564677584471335
synthetic_moderate_033,moderate,75.67336417377446,2,26.925418328649197,74.69280504266631,699.6851579575944,109.06747446572854,20,44,0.3035609556873517,34.057585294061084,19.88471212739912,44.60994630178871,52.630172936645785,3.392355379625336,0.44604020776133807,0.0055300282409977445
synthetic_moderate_034,moderate,46.36950268244721,7,15.779876980656791,106.09952572903134,637.2065642398139,152.72708930132248,0,20,0.030266932639786852,34.5630761730904,41.66743900446385,65.31666957288691,81.98693909823064,6.621725461135287,0.7354537980228074,0.6809489615144666
synthetic_moderate_035,moderate,37.17884830406226,6,13.257144893042279,111.54949367950621,618.4280189533175,156.01218527693413,0,18,0.1558963891511033,34.47053257243134,46.1374591613337,65.74812812259776,78.49938421052207,6.656415821359297,0.6693663152612455,0.7165832747923521
synthetic_moderate_036,moderate,43.179733745987704,6,12.732998889691828,101.63468302675277,592.5931943698992,167.4062397264979,0,22,0.0,34.584506776851846,59.19262902596843,66.25616197709371,65.90845703773928,8.305066728916026,0.7783572661017149,0.476710433583606
synthetic_moderate_037,moderate,47.626111588400825,6,16.042439048866896,112.01809157302303,620.4859018268984,124.33524971468745,2,10,0.0,34.37758337378283,46.0870041561109,70.35265734399405,75.05239052731888,7.441823281244511,0.8018337256307494,0.4907129376449
synthetic_moderate_038,moderate,49.063378207704886,6,0.0,128.61386229204084,624.1377527854721,159.40497269747283,7,32,0.0,34.515979931843475,57.16768638551176,64.91812633051332,72.26275988174613,6.297758895397365,0.7123426092871468,0.5105819710108052
synthetic_moderate_039,moderate,70.6791168454805,4,28.568878681544142,86.90615060021753,683.4418869894923,109.35445845381379,22,45,0.2658271858988867,33.882552103116986,31.927261409893003,44.17650490266086,53.18604560448643,3.4554107704856762,0.5594446370838986,0.051198731230054945
synthetic_moderate_040,moderate,44.300907283210236,5,12.693184442870404,102.08079642528533,585.0452593491898,151.26845408694024,1,21,0.012771514060688688,34.37363574785502,52.98765644792257,72.53066570441764,69.33019285943324,6.6566080456352665,0.6953017399620157,0.5694524958995902
synthetic_moderate_041,moderate,41.4645861160163,7,6.669183273543011,111.4727959563179,609.5286775225036,157.60679781605882,1,15,0.0,34.72380668891366,36.40562025456135,70.56061118918399,81.0725153711762,3.8302943939626592,0.769219153364256,0.5105644742842748
synthetic_moderate_042,moderate,43.30467794772062,6,12.687137104365359,106.03490641633556,630.9326531670254,164.94377052025462,8,18,0.0,34.53209158892427,49.98630874617258,74.3305031314672,70.31470712114913,6.569444673308514,0.6370091504813332,0.4047404193361304
synthetic_moderate_043,moderate,69.86874948909664,3,33.49605428930425,61.81426157936063,726.3194927089609,121.72527732529774,16,43,0.16812126229268878,34.066747750078925,16.012730862446688,45.72664091419453,48.841471148557574,4.234864087123202,0.3912542639620252,0.20497225092920174
synthetic_moderate_044,moderate,60.66300217642169,2,28.59985832047143,69.36035260760774,693.8483544301222,121.30571489760834,16,35,0.2584967589130466,34.05856531256365,26.88743499520954,54.223766765099214,57.99598289243666,3.1056973909906653,0.4627919298537866,0.0
synthetic_moderate_045,moderate,45.613006405695295,6,1.5619250430842877,118.49028693753792,601.8986962674772,156.9326851783532,0,18,0.02900011797518035,34.79272346516464,53.177477012670174,74.23786065733623,83.80144507554286,7.247526472747813,0.7340478746744414,0.39743999708937433
synthetic_moderate_046,moderate,43.18580092345768,6,9.648523222075237,107.92925259987827,655.5436585567061,164.33446009891406,5,24,0.0,34.61046897533264,52.620277171299044,61.99766076552843,73.98943561299903,7.0602146800565,0.8294123355374297,0.6368544021824896
synthetic_moderate_047,moderate,65.14419569550797,3,33.16758938797365,73.89127559678515,716.6924764092578,120.07868099629022,21,37,0.4057609086480163,34.10121873426605,26.72642147068635,46.718068596368056,63.99211368876861,3.2418000241059244,0.4851442890101481,0.0
synthetic_moderate_048,moderate,42.938278682134225,7,6.308118909319301,99.9602413554903,660.2759342881357,165.46766048397996,0,22,0.0,34.53143110376608,50.30974636109819,67.49107222428712,71.31452998696777,6.20739035951569,0.650909522473261,0.42883263352973133
synthetic_moderate_049,moderate,36.372191721418886,6,17.014698445195464,132.49255764843278,599.4216236453556,144.16892211363296,0,23,0.0,34.49346193746363,45.39682163335528,74.07402585684112,67.11474020007059,6.897773148659084,0.6870583760183891,0.7364286048850103
synthetic_moderate_050,moderate,55.57109740882812,3,34.16391069416456,72.81955061438353,724.3402577525846,124.94556635513247,28,38,0.361677059690846,33.896644535866685,12.266066708037544,42.845765061004464,58.53133956863803,3.416329646337376,0.401644975426568,0.0
synthetic_moderate_051,moderate,45.65655077372847,5,4.38517226610825,91.69242692542922,645.7462300132763,145.22756090225292,0,17,0.1104580969241947,34.51017311580344,53.60037392316564,70.78544032262141,81.39230607262297,6.605370273189971,0.843613530651917,0.27462979174819835
synthetic_moderate_052,moderate,42.21761908121215,6,9.192076709427658,117.3496085728901,638.8981679484436,148.968298232707,3,25,0.0,34.40689021935957,43.70661224087986,63.872839223053646,72.76784762070211,7.727008234394157,0.8144203531565561,0.5541895607679054
synthetic_moderate_053,moderate,65.3128294305383,3,27.8436263511282,91.49654527426446,682.6740500984455,122.55395986733201,14,45,0.22300537367001352,34.106728966879984,23.310966056234694,58.79367771907489,54.67857252675461,3.6285523438353615,0.3808510631937386,0.0
synthetic_moderate_054,moderate,60.96750773236791,2,27.21679654078971,68.89351051580637,687.1291620336747,109.12150400591766,20,51,0.2971040858510179,34.044533926632596,26.02363125325437,52.9798136911726,52.017597954684234,4.770148384504422,0.38239679785684794,0.08661259103984083
synthetic_moderate_055,moderate,75.92377621029487,4,29.67268236981367,94.91497969391669,701.5495095194717,125.6509604917356,18,44,0.3216621819229452,33.967303956349895,29.57928896392248,54.45381827871891,60.83248727675676,3.536212096177573,0.3720720065302512,0.22844779259313383
synthetic_moderate_056,moderate,47.351915645061254,5,10.4518170981829,121.88022000287685,647.1069144667081,160.71528479786906,5,17,0.0,34.46720762571568,50.13110439328522,60.84919522049772,81.26226765797863,6.854866977965951,0.6855786067025536,0.20192067695763172
synthetic_moderate_057,moderate,42.664897996376915,5,7.156596372903499,125.53090460613242,636.6444887631814,154.13384568585604,1,15,0.0,34.420875147813184,46.543847010787786,74.15930365015507,69.93156639395366,6.2089978984103915,0.6275214851058446,0.3434230737810488
synthetic_moderate_058,moderate,41.28555539116066,6,11.67199594597673,114.04760350301943,648.2197001061677,150.3292642305365,0,24,0.0,34.52969448143988,37.81197658696507,76.15675774699126,80.6735210221791,9.240744905088707,0.8068650037617886,0.38902994917102574
synthetic_moderate_059,moderate,60.290157705224026,4,23.407602645030146,88.65144191276599,682.7456033324145,116.52893620274665,21,33,0.4090694226428917,33.97530126908409,23.47190258327066,56.33646641886572,52.270518339174224,4.189130169746925,0.548264040376952,0.0
synthetic_moderate_060,moderate,61.168628886398864,2,25.90139419489437,68.6260634836917,719.5077607523571,118.18242657626426,12,42,0.3165024183956372,33.96082042636518,29.984562256756746,49.65746173103604,61.21169207553717,3.7800298616913155,0.4988791450435549,0.0
synthetic_moderate_061,moderate,71.2066427959673,4,30.737697456528913,60.15518410653042,700.7166859868324,130.44801676676974,22,34,0.34558907839488767,34.0810314046858,24.8312883656928,51.315815348081216,59.12974892756063,3.8686596478536575,0.3904106675435556,0.060809526855978714
synthetic_moderate_062,moderate,55.662895260512784,3,34.822660521306005,73.47755392545416,711.8700058980264,128.9293325698947,20,45,0.19918682559181233,33.979521597214294,33.63370028018349,51.871236488809,64.91895626365772,2.616377099333852,0.4509655703109873,0.0
synthetic_moderate_063,moderate,77.02096331541028,2,24.224175020199898,63.884201699594925,697.8908759769399,128.82913110903417,13,49,0.30260802218317245,33.88570898885261,11.39650381478581,44.98876583750372,52.86898408941476,3.1047648897501054,0.5278944818342637,0.10679269109125777
synthetic_moderate_064,moderate,60.20034927559696,4,32.528292316917884,61.47947477318459,710.4015083378081,101.7114015163218,21,47,0.2560198141226305,34.03273787047603,35.0884602217265,49.29967155823475,51.02074110920692,4.560160948309193,0.5705416130418219,0.0004939013440594288
synthetic_moderate_065,moderate,36.86345094156021,7,10.7378140773666,105.8287465240743,604.5525689522894,156.9243162997914,0,29,0.07072682238338436,34.55650633984349,51.77297120081187,74.0947087199049,78.98054824233235,7.256792789971729,0.6464776281352269,0.9492083344828663
synthetic_moderate_066,moderate,44.71943043464801,7,10.951262070213321,126.53688940251266,630.5226709305158,151.2126397208725,1,13,0.0,34.52118228856277,49.479170262743246,68.03103633004878,68.47239443301063,7.377260493206449,0.7719922041801155,0.7596680274239345
synthetic_moderate_067,moderate,46.85534136310798,5,13.32574694133972,109.74771926086238,632.0630731209222,160.71176484246195,0,21,0.0,34.47656371462829,47.112372100206485,65.33030932143417,74.16876190697299,5.450889745181602,0.6803108957326243,0.5019283326935996
synthetic_moderate_068,moderate,45.33252700277084,6,11.471095644371736,103.86171801308446,618.8300826377019,163.00101519662326,0,12,0.014797070333600724,34.534203691111735,45.30302196048151,67.30533767672496,77.5073652796787,7.565244953352378,0.640323920687218,0.58868881987183
synthetic_moderate_069,moderate,58.41300577497664,3,22.380812686552915,83.36999529910945,687.5076803517259,119.30196004940902,10,40,0.2119543463861776,33.741016340652074,26.058567834441682,58.357114241620785,61.31107858740482,3.85488662605417,0.4061364024479924,0.1077017341991493
synthetic_moderate_070,moderate,65.308420204274,2,29.982182502058524,71.99224235604115,743.172542418027,116.17890808103118,26,45,0.24049470733019293,34.057462076008996,20.647904388134343,52.45495577238092,52.64309889769055,4.743991884737515,0.49879562377929376,0.004247389886758833
synthetic_moderate_071,moderate,43.83598267256387,7,9.10581912447487,133.429018832227,622.3174530924402,162.25697432154715,0,24,0.017269290872121926,34.473786202003,31.97199279794498,67.40682641639516,76.00371161469336,7.546796493139205,0.8222620587673727,0.8119682449606485
synthetic_moderate_072,moderate,42.046099469090564,7,11.34633740809001,132.4338396979273,674.0353868566577,172.97495937463364,7,21,0.10018227471356701,34.698191494179746,47.48677982297995,66.23279137451354,71.39138685538197,6.043546300592203,0.6186882753991532,0.5733976595048309
synthetic_moderate_073,moderate,65.1443832302729,3,33.80467301897955,85.55289963409795,729.3393258596451,124.65788510253255,26,43,0.2871315608331676,34.090445035831024,21.210539094770553,59.24899780405223,61.31817845370441,3.915354901514314,0.44387334330604933,0.0
synthetic_moderate_074,moderate,41.67283472759595,8,6.328471460435358,119.24435604919152,600.4124508222013,160.6487911016054,0,22,0.0,34.255823384220214,49.26735888688868,68.84462763200372,79.14302770138802,8.187993068233075,0.8465737464532599,0.6554883185195401
synthetic_moderate_075,moderate,47.49644886143249,5,12.522395795406934,117.23084952953751,615.22385789477,152.3497645283629,7,19,0.0,34.356293446605,51.659964629251746,69.30623873543824,78.26816807963644,5.527056291786273,0.6331963681986759,0.6932725851496422
synthetic_moderate_076,moderate,59.835861911986996,4,34.5100287217401,90.30965742670458,692.0827980535029,117.56532751598644,11,40,0.373991585425933,33.962352272832305,26.689225762791764,50.62963220808672,57.52380043227506,2.242061355686202,0.4406768436621276,0.0
synthetic_moderate_077,moderate,44.975404953462196,7,4.415574448689764,110.4696344533545,615.0530084958723,150.820447504911,5,17,0.06233664040608251,34.38442912683734,45.975377662354795,72.50482664669049,71.2118338827518,7.70850997310529,0.6708181939879788,0.497011998071899
synthetic_moderate_078,moderate,61.82766792917753,3,25.490374775256704,56.60600847666167,707.7933941245714,134.02729980774285,18,31,0.3579374978431374,33.8241796123137,14.864023841501492,50.42782396762336,56.57764179896671,2.3646310955846603,0.4155996893786146,0.09557657863000343
synthetic_moderate_079,moderate,64.63475868529054,3,39.88533133336651,77.73262625226393,729.7244746337964,102.14284548593302,22,38,0.24568573527100734,33.98837364074955,13.485870956723632,53.30137229826324,56.896791377490764,3.4885736540250027,0.49614163975931636,0.20244029215098533
synthetic_moderate_080,moderate,59.51324494856896,3,31.252844564929227,63.06098766169849,709.7704245257338,118.19499651907934,10,37,0.269291355871034,34.24318021058921,26.152625486129644,45.79915726985212,58.285469048397225,1.889753707454869,0.5096761269043699,0.0
synthetic_moderate_081,moderate,41.10112937909408,6,9.034163817715697,109.75161377332822,632.6215816047555,151.29460982986558,3,17,0.0,34.531848587552034,49.89530238876718,63.91886116947964,78.5292160253856,7.4317547462939695,0.6541061486077483,0.4518454424301206
synthetic_moderate_082,moderate,66.14283976237382,4,29.753649411845952,70.36819246072945,681.8388641961013,116.86290563698357,19,42,0.4279607730556499,34.077535375090605,21.732329260884207,48.45247100413916,57.25396469553248,2.454253222061379,0.4472221519813495,0.0651395479692848
synthetic_moderate_083,moderate,58.112867618655315,4,32.051991995098206,77.21973198334817,701.276893330157,117.03328876865105,22,41,0.2952437105504976,34.081210378974795,23.923838544181052,58.36182464846172,47.71759528982133,3.5182977402726894,0.3859733946744926,0.0
synthetic_moderate_084,moderate,66.04700888387801,3,29.40303651159799,70.21266185185114,674.9168005907627,122.23673400137667,26,42,0.3167250074106931,34.100634145151396,14.478509874999002,58.615961350449936,56.95140262546617,4.692574985534979,0.38407615850308136,0.24297157975690334
synthetic_moderate_085,moderate,48.49450404894675,6,9.948436744419128,112.35259030151016,573.6800995159774,153.93233222621743,1,8,0.037079380130848404,34.46653031279811,50.58921150335018,67.42360948291373,80.88231330468169,7.015635741668141,0.7836263586281037,0.6849662528529609
synthetic_moderate_086,moderate,51.37515536648142,5,15.499628001417054,104.25429136017428,652.6795562875412,149.73814610685483,0,16,0.09521063039177373,34.62975530459884,51.26417951446649,63.62045762152024,71.6377812029873,5.909370520201962,0.5587738259928517,0.7085665641967358
synthetic_moderate_087,moderate,44.57652748802719,5,15.934295476095862,113.37562353242643,645.0660333699003,163.16980907191189,5,15,0.0,34.47316317945201,52.4964696179975,66.32546104479653,74.43919682961864,7.057393810106657,0.6516911821732727,0.41061892817152057
synthetic_moderate_088,moderate,42.897488819379475,7,0.0,129.3214836172748,628.6602886690899,150.27087397088013,0,18,0.0,34.678329557629304,48.692794297575965,70.34895278616241,79.47443451447258,5.915906932836488,0.747037417705081,0.5042315930735454
synthetic_moderate_089,moderate,57.20212864617653,3,28.92746016383087,67.14660667083574,694.6360101484655,114.70524014191751,13,37,0.19294851304075566,34.120270055950655,16.634572263220388,46.27782920435046,59.956973875562404,3.579758248603475,0.490432754013035,0.12242827673257053
synthetic_moderate_090,moderate,67.87777367250274,1,31.223421695112027,63.6200421755958,714.9413161647014,125.5654259542412,17,41,0.24013062421969994,33.85748681752366,33.45126557117071,47.78373992752232,63.37218518464895,2.4961374708724393,0.4711118606282212,0.0
synthetic_moderate_091,moderate,57.753397927063396,2,26.013516657693714,71.84491873114476,709.2215159150217,112.72205519238457,19,44,0.31064274029964195,33.883367788386536,25.58533728046135,60.213865985649406,57.15627083665276,0.6503935986734826,0.5206185786986091,0.0
synthetic_moderate_092,moderate,41.72684908737784,7,19.747333789896878,106.51693423299955,627.4605157761351,171.58959312203362,0,18,0.0,34.43657862930304,51.980827696264505,78.72874205307924,74.07832488864021,5.350377652501415,0.6170797241936008,0.5352169525011573
synthetic_moderate_093,moderate,67.827926276558,2,32.983811631833476,71.54984314795564,694.927328596328,127.09451160386381,22,52,0.42052114264131574,34.12742552938154,11.594224189786923,59.14401739223461,60.31652274617406,2.578692601858352,0.48520379848811546,0.0
synthetic_moderate_094,moderate,71.46748174054724,4,31.389804998074855,65.60962079046293,687.5038206968463,130.1025585871988,21,42,0.2689717992579666,33.77634357887191,15.747515194115621,59.49729461682913,49.97896486519482,3.4209422159924947,0.5044710237609411,0.0
synthetic_moderate_095,moderate,50.079797059613064,6,2.4585891578243864,119.31564502946087,626.2136402498005,152.08280975284438,5,19,0.019569005316839663,34.460986255449825,54.06219083170988,71.44109794255533,79.108175035175,6.377787878669103,0.8044940636367705,0.7857388624591344
synthetic_moderate_096,moderate,46.97432925419842,5,14.997039875990666,133.50279290493776,649.2550354358144,143.20114479931408,0,22,0.0,34.53425182598254,58.24382111411403,65.7084146668241,73.22463980552804,7.0601525461460275,0.624532444875093,0.4387176867369607
synthetic_moderate_097,moderate,49.63829640338124,6,9.02832283091149,121.6496564324746,611.0438052430434,154.01317902036857,0,23,0.0,34.67934131859857,46.317889182437284,67.58701197933436,72.04823190320906,6.562245527219006,0.8124104773435259,0.20752133581852622
synthetic_moderate_098,moderate,61.52052645167478,4,25.587261601908008,59.13753989659584,726.2065980364612,129.18915092265345,14,40,0.2319216030582495,34.056962648194926,33.6683718314221,54.398675496587884,60.87024665611296,3.9765837823806103,0.434774366774055,0.1447810629263514
synthetic_moderate_099,moderate,44.221780127209506,6,14.533916028002281,123.41912551253205,625.7710456231249,137.21706842400837,0,22,0.020797125831927252,34.3206822879637,36.87782602027437,69.30482079835151,70.0294422622321,5.9691269824175395,0.7608123379259999,0.7006710157108625
synthetic_moderate_100,moderate,44.62453616034979,5,0.44905081358676924,118.67745556623062,648.1020487512878,157.7860958893882,0,14,0.0,34.59957657916581,54.2709347791519,61.95882144816674,82.47583638440058,7.3223015932388025,0.8111005597254397,0.3606337775194055
synthetic_high_001,high,74.2509677043016,7,34.01258477742707,168.45397677613,607.946334260888,103.63424562850112,25,51,0.07232355384273575,46.49839210190123,55.7245163407223,67.62141034523681,107.53135332469714,21.04444236946513,0.7198706946926201,0.6360342085160621
synthetic_high_002,high,76.61951154879307,6,32.25338653300462,73.36092763831189,352.30430587781757,90.58572671771657,11,46,0.24229353034348164,46.08850302732512,56.84315737605124,70.06132768114482,139.36956432730088,14.212086057144312,0.7371206269200384,0.5808165718571916
synthetic_high_003,high,56.36594315557963,6,27.119579065476945,648.5927002317674,963.5962269931764,173.23919087096962,60,0,1.0,28.655673778462468,47.17353280531897,64.55180634827936,65.34071332934167,0.4515355757652644,0.7631105546819904,0.0
synthetic_high_004,high,59.53768327380554,6,28.194029496420374,752.7180242840484,924.0748051524201,155.50792011940328,54,0,0.850859944132466,30.55515191877501,50.38050091885555,63.63342626367702,66.24838598453402,0.0,0.779940097822976,0.055319930295571675
synthetic_high_005,high,80.173580326339,5,32.61614609533883,0.0,709.6177789373131,107.55924466378107,0,37,0.37137102572431535,47.12267019140194,55.75771159270088,71.94132419815486,92.16961862325681,20.398916079784875,0.7330707610602812,0.5244125282989153
synthetic_high_006,high,59.57302004159006,6,28.15330376451275,753.2146451659014,975.2337116706266,140.22333899692865,59,15,1.0,28.200447735592384,50.47798267584831,63.376385108974524,81.72837919327452,4.131791851046924,0.7573645070461033,0.22290253821317516
synthetic_high_007,high,69.36300687828569,7,29.248845869718473,459.67714267484473,868.603206592011,166.61041816600525,57,0,1.0,35.111146374858066,49.639356063348174,60.03633678581413,65.45878450032777,0.0,0.7671469937276658,0.0
synthetic_high_008,high,61.508781314046686,5,29.867733571711472,592.4723475092513,917.8381230914412,152.76029067387273,54,1,0.9908566487128131,28.617808567236906,48.915622416202346,62.87148777682322,59.01106560720811,0.0,0.7757403648394895,0.06690960037903619
synthetic_high_009,high,68.59124790414349,6,27.8094099756517,755.119511195977,831.1666111117509,163.98834556683366,59,3,0.9243804172539167,26.74317663459565,47.469235566289626,63.10287003878306,53.40671722606264,8.619346803028364,0.7477079454358257,0.0
synthetic_high_010,high,59.475819733027606,6,27.229248028230295,799.2579780086808,857.2935347851845,153.60202114750092,62,13,0.7381674880719851,38.50997170200659,47.31117071485143,59.6140717525542,72.8465975836874,0.6737849812503476,0.766212203406293,0.07601054138821514
synthetic_high_011,high,62.06535953257797,7,27.651237969106162,755.7899783995438,923.996288920571,183.3357727935273,49,1,1.0,32.523355769725285,51.50008990841445,61.73611216445673,80.49657244545921,9.36981331221326,0.7719216372943345,0.0
synthetic_high_012,high,61.29670821419668,7,27.06041792198334,613.5164084346474,818.6825787525181,145.58991616689843,66,0,1.0,35.33590338950799,48.362875107072874,64.13350271667558,75.74047381521959,0.0,0.7651734743210408,0.0
synthetic_high_013,high,62.07587324600856,6,28.404529165827665,616.880093706216,1042.1396112115758,184.15428216837446,64,0,1.0,31.007451261228947,49.62717111398882,66.46883896679967,53.430039092188224,1.8457360985974107,0.7659067771177659,0.0
synthetic_high_014,high,50.52266902429595,6,28.468645733172785,607.3674460778063,1113.2062922269595,148.42077661046392,57,0,0.8273889286337179,29.80103968063426,49.869110959907076,68.08224342761201,73.7691856741728,0.0,0.770162756723188,0.0063553678594792
synthetic_high_015,high,54.14217555975109,6,26.15515229457638,754.72590890155,1132.8117826723349,169.51557161275323,42,11,0.8385018771978533,26.232590190096243,48.06248140531518,61.85600560793497,60.725332223401274,6.757184309318882,0.787848461155307,0.0
synthetic_high_016,high,86.23097825070855,5,34.045601261887846,0.0,499.0575922864914,87.06980859482971,30,44,0.4653040058480079,44.94365979846443,57.89575055212477,69.16914385830385,130.54591429375827,21.434809380443212,0.7272345374386946,0.6441459668132783
synthetic_high_017,high,76.1839243394147,6,33.306564416202946,18.739547772792555,573.6400061335432,118.40369219584903,9,58,0.41718006952268777,45.52822115232778,53.34958933752648,68.64311355268973,122.13201367107709,17.838323272717098,0.7442972581538695,0.4262290211722328
synthetic_high_018,high,76.66372325821554,6,33.40452603642775,48.49981542306584,780.0649205260245,85.10539499681647,12,65,0.21419782352753464,41.550199985990616,56.04130006646427,69.31530284993335,125.28036051510736,17.306025151850665,0.7396421785991569,0.5725433121257758
synthetic_high_019,high,82.5654699184992,6,34.49498493958337,0.0,553.2394645156296,101.83557410114787,20,50,0.4189260305304558,41.079287845053805,54.79427205228298,70.94662550895389,150.53047991305561,13.711119330087385,0.7295874323076061,0.6282603185873619
synthetic_high_020,high,78.13204991169192,6,33.95873210480283,0.0,590.8207774797926,134.4880115922512,16,40,0.34437240022470206,44.005025616667034,56.27204590330428,69.71574464471428,124.19695855513125,19.349389031522055,0.7344058408672534,0.5588451179032781
synthetic_high_021,high,73.97267412521697,6,35.66450215237532,279.6958463971107,423.2784087718199,116.21802526422537,18,48,0.36722899387160235,41.45259828598929,56.131681140737875,76.3314890213912,132.97616121228853,10.219094303042795,0.7336508581625559,0.2686689150816976
synthetic_high_022,high,76.76091551342297,6,36.45966263672848,30.675739840794094,489.91965760780556,94.55745525789256,5,60,0.18996408653735794,42.329702969749775,55.85824440094505,71.88895878967942,124.53025300357726,13.241449848634295,0.7439033590228474,0.5592557312050968
synthetic_high_023,high,75.05011744194924,7,34.52392263914156,75.82660706074259,419.7236944964196,81.04625390565582,22,24,0.4556052117395607,42.49116596598993,59.268863573426344,78.51209429174585,113.21755121714355,16.73610418216403,0.744221379871004,0.7329680096585768
synthetic_high_024,high,65.37002302860843,6,29.162733900813492,571.1775928145687,899.9957455646994,189.85326816382582,41,0,0.9971280314417897,35.312582648705394,49.93341122632405,58.725830210125125,66.7669204134113,2.05909355182673,0.7685218563881936,0.07909425977142434
synthetic_high_025,high,71.00505300617812,6,34.59815173377946,166.00145500151916,589.6343132705211,96.60802438292974,18,58,0.2853103182802647,39.64802653723682,52.72584671782666,69.14399849727965,132.90756065509427,20.163424734145455,0.7347134793284062,0.4577162337882457
synthetic_high_026,high,74.28328961963227,5,34.08923477825346,357.93672432650186,603.3464151306146,100.63868204251736,22,49,0.13795164939493,45.6487679909163,54.85871029334609,72.8621997167429,103.66840827621336,22.02390967863185,0.741366784296348,0.4450663976619005
synthetic_high_027,high,59.49963792732668,5,28.072768750956712,458.00062333682183,910.3529312931711,131.83936217229748,58,21,0.9030962027059768,33.10515890523316,50.2682715121358,59.89294040291935,54.96703856817767,5.696220741812913,0.7696951451938719,0.0
synthetic_high_028,high,78.62518932899475,6,33.95968344875002,24.400914171036952,556.0070650416777,104.18857945928949,10,37,0.03781285024501932,37.85139039872186,52.749546519851386,73.21212430576973,104.66165323076535,19.061312219834537,0.7359316703754535,0.264422844808692
synthetic_high_029,high,54.34935693862338,7,27.396757097493094,687.2325617901946,1147.5266935245286,155.48810201781927,50,0,1.0,33.41085122290712,48.67224409412333,67.49639512962987,67.18449014183716,6.827167171940406,0.7667647890834289,0.29781225102624476
synthetic_high_030,high,64.4458196156501,5,27.955268250539238,592.845142501151,1036.581470645538,175.23025520099188,45,0,0.7385316985686337,34.24747595205715,49.057932338250296,60.17605401166459,61.47050521468245,6.4124532871999955,0.7680923808942695,0.0
synthetic_high_031,high,63.447532123925484,5,30.652081851261276,756.1426218214483,1123.5951524735926,155.16496431946024,55,0,0.8911677115907951,31.588253441020083,50.517285885105025,60.119844730598956,62.403736130428115,1.4126372935930904,0.7584498892696385,0.07546247703529775
synthetic_high_032,high,78.43173368731226,5,34.24022225565494,0.0,634.2517819240278,94.38496490336465,6,42,0.18585928783643707,46.43779054929469,54.78203902346346,70.4597316418164,135.23478188273805,19.484667999590087,0.7327306246787622,0.3173391677462791
synthetic_high_033,high,66.0375718105441,7,27.833473912348733,579.0278206864219,980.2885371694076,171.1995773675075,68,0,1.0,29.562676256755783,49.526383516532206,66.57470949504929,63.90935927394458,0.0,0.7769096778475055,0.0
synthetic_high_034,high,60.33100798423563,6,27.690256527674958,230.96229451919902,1081.52384762042,158.34552401705423,70,6,0.8883032444018633,33.43247938731784,50.30544981440495,62.31073940093437,81.15702478296843,0.0,0.7718691349760013,0.07291781115299359
synthetic_high_035,high,56.38004760450138,6,27.985399063788652,868.0442795196292,1150.6710914183018,134.7264849424517,77,0,1.0,29.175687757313856,48.12466451726475,62.240936864853765,61.97934770073817,11.44817977804442,0.7698329938551519,0.0
synthetic_high_036,high,58.57115197361579,6,29.758399385862212,631.1001902030182,1205.5470596927034,165.5731814274098,53,0,0.936754800621601,28.917730219577063,50.02653919645916,63.99195379943153,52.61468224268213,2.6261668795682573,0.7762853146568075,0.19499311612228193
synthetic_high_037,high,57.820921597240606,7,29.016266969781103,614.7448800025427,938.008369120262,217.57785163545822,59,14,0.8044691376773838,28.14042689294057,51.71037071806147,66.29711989331226,72.3042266540289,0.5489736517183661,0.7684727028038346,0.0
synthetic_high_038,high,62.56819697717809,6,29.58703374135701,735.7110254806669,1023.3245527745015,134.39240497018747,62,7,1.0,30.629549179408922,47.33850960172546,65.52259920673559,77.60272248659183,0.0,0.7818306411736357,0.016802425683134677
synthetic_high_039,high,75.77036071964852,6,37.3179628064497,246.7255391792686,450.3481448910897,106.22641936963647,32,31,0.29280641605771723,43.39918362901032,52.665927695474295,73.75505371536124,128.82608472149846,22.79106208612469,0.7334808410949573,0.8348616163402938
synthetic_high_040,high,55.82203760123777,6,29.578417507261,723.2544655858283,1096.3035678389886,150.98335514187258,57,0,1.0,31.965462989609858,48.109012952750625,63.579852680651626,48.57866299004823,0.0,0.777095575462207,0.06524137695060343
synthetic_high_041,high,49.46901759784648,6,30.698986650641935,690.274427258351,914.1334478523044,161.70421141537886,56,7,0.7446301580795828,31.906487936292365,44.67019261717618,61.29721644918925,60.92709771629978,4.3554786081863845,0.7706870467878504,0.0
synthetic_high_042,high,78.20176347666688,6,35.912581153422636,46.68467772134436,419.06455474446454,72.54293860146856,33,40,0.3960249776126496,43.2308870586742,53.919750006304376,72.1777385213882,134.4446892049476,11.703785948217945,0.7322981126530166,0.6313124703908576
synthetic_high_043,high,53.3219737451561,5,28.09638356969301,524.5148349176144,1029.9820306622664,157.229661517446,59,13,0.7972873380455119,33.20192874877659,47.55794722558631,68.15110561503384,86.29691469485985,1.5559821549850277,0.7621786647608174,0.0
synthetic_high_044,high,73.10396109066278,6,34.197181300094414,0.0,459.62175145307924,90.45721201414605,10,49,0.34226237402244863,43.72027723663158,54.85808233667874,76.94088014283051,120.49601818381984,20.07529399687149,0.7320551629669401,0.6360902628790842
synthetic_high_045,high,84.13572684668667,6,35.253200501735,36.88185674804384,653.9919694209133,105.20603117375823,10,53,0.1068618945556562,40.963811600071395,54.80545924383445,73.55201490363379,101.09604706872042,21.088044591019205,0.7405670626168878,0.4256941272888536
synthetic_high_046,high,78.8874696248414,6,33.931858330560615,88.01938460306827,533.9109547939144,76.68505605426321,15,55,0.25558581532574953,44.259549579453015,53.67108934831177,75.27165427802079,84.65289922073609,17.66542575228304,0.7472694004182593,0.7067473214500265
synthetic_high_047,high,72.42493003999348,7,33.79515022218799,101.48062274616713,705.9568601059345,85.34572010049506,24,42,0.25641500975547293,43.23254570684972,52.336000601095364,70.89745522565184,131.65055119778614,20.458709339709692,0.7350917725031196,0.5466501491152956
synthetic_high_048,high,84.0662835095212,7,34.56679123308085,163.68042100385225,794.4925620384618,109.62847474315296,25,30,0.08582004866561813,42.89482427102037,53.3485722856821,70.35691758503512,104.78588286111311,11.795649306883423,0.7288046601569473,0.5589406009192044
synthetic_high_049,high,77.99593332903538,6,36.23253163616066,211.14265062338558,755.5454884853947,90.66320263903667,20,18,0.2303796705301964,43.316902266698854,54.753893407263085,72.71423236499338,116.20096788464899,6.958567950537546,0.7378426905608367,0.5773170918579992
synthetic_high_050,high,85.61591667334257,6,34.8890668268499,57.70881971575231,549.6720856312298,72.692578051069,26,62,0.11396685605927817,42.42456300482847,54.070169131300034,73.8552162744311,108.85245670962753,20.628049250033147,0.736247521295795,0.19029139812836798
synthetic_high_051,high,64.43198011921268,7,28.54341999290122,454.4389361001273,985.653166255664,152.01142153157664,38,0,0.9700090513288985,27.930209355496938,47.49525498767626,59.69954077148744,69.15652933345794,8.991040405402282,0.7815228951410153,0.08340976962733854
synthetic_high_052,high,58.52361268317051,5,26.696642346736958,911.9670909001231,989.5406993016547,176.3614992294422,40,32,1.0,29.17816304034314,48.175456606252546,64.66322666688524,74.94506436486441,2.664704196381395,0.7705856577594301,0.07159815038854027
synthetic_high_053,high,81.89756705004024,6,33.67830507172421,0.0,608.4061363639148,99.0661070686308,24,59,0.4939333847725023,44.08421937489879,52.99936767268769,67.51665897610559,105.48060380843091,22.136355669045354,0.7513640203737875,0.48526632402761055
synthetic_high_054,high,73.7870783083029,5,34.65910353346938,243.6186128913397,592.7677373948874,107.56609132939688,37,64,0.2847926205859454,41.612855674226466,56.129281524324135,74.86449097239428,120.4345927669513,15.908427782280036,0.7349731464046301,0.49679992850055044
synthetic_high_055,high,59.65828068578658,7,30.215324712578802,553.541536064509,964.2040475728843,145.04776223230047,48,0,0.9676979744839574,34.85853323465065,49.14245266880255,66.22140664556555,79.70892181737894,0.0,0.7639392995828648,0.0
synthetic_high_056,high,56.42767736362538,6,27.82756917263818,573.3168456991868,1137.1437485870238,162.86464783849203,58,0,1.0,31.14233529430747,48.171418497700074,58.942831174385255,69.40158921912897,4.13926495160543,0.7620469740175658,0.0
synthetic_high_057,high,84.9433129803756,6,34.29800717823537,0.0,659.6620357610276,144.84796180775194,27,55,0.40487802166423126,41.944342774218846,54.03522290444815,71.95424428116739,108.48456728082866,15.813044858280207,0.7325513074445227,0.4844006441965093
synthetic_high_058,high,51.77550145278378,5,28.339315874954956,358.55729767145345,898.7967777873462,153.29557768006833,44,0,1.0,30.147583844320188,49.76158646078279,60.11178067805836,75.9402643866226,7.715957436457861,0.772754012538183,0.0
synthetic_high_059,high,60.48102220757077,6,27.49450724582841,424.347750335147,1109.4768768298447,170.815462759909,40,0,1.0,31.423903901276073,46.40356806258417,62.63092306314258,73.29090413888154,0.6617141502614219,0.7726989264048549,0.0
synthetic_high_060,high,57.03385331968277,5,27.150348108770356,738.5618102630204,866.560183209379,137.97481928014722,50,10,0.9481928079708584,28.505286640103375,48.687785956226946,58.54461924139434,72.75026337931081,3.418227160837719,0.7669605698800536,0.12836670787800475
synthetic_high_061,high,74.90212463847611,6,33.000683421254585,170.0845164749647,597.6048321632701,97.97765960927501,9,47,0.32475960608149557,43.960871664460946,54.76388540009948,70.54282785946009,86.49486507016972,23.88463740807444,0.7243335332261781,0.2648753847805551
synthetic_high_062,high,76.53221524110465,5,35.11591528605006,0.0,591.8617249630031,115.44584615852658,22,76,0.0,42.7334093873306,54.554248665373905,69.50301439044797,101.52303311722684,13.965170846458157,0.726145179613683,0.5018437295891461
synthetic_high_063,high,79.29749440930367,6,34.25679877799872,24.618259069217423,637.0089256674589,111.27901901028098,22,39,0.32753880589893763,46.846262761140814,53.65669832156804,77.99410718971177,109.07777086503955,17.256481531326138,0.7298304384104359,0.544116742507667
synthetic_high_064,high,50.2985245274058,6,27.83339317787232,410.5872355518451,1027.2036067544495,148.64312119844223,84,0,0.7714137429753626,32.797637952650085,48.42852508500147,64.94594102417624,71.3753003640735,0.0,0.7585939379119742,0.13668163696632812
synthetic_high_065,high,57.113224159436555,6,29.25177428070872,618.4196036399004,1126.9542792779387,167.77756888156037,50,5,0.8253912680078577,33.04658691279609,46.58086298915649,65.865747898643,70.65946620826544,1.3628973898606414,0.7770773279347599,0.06525073918738891
synthetic_high_066,high,60.217478112353035,6,28.52434256844128,787.2494982514713,829.45422483009,166.18477947630313,63,11,0.7452071576160387,31.349146259260788,50.382048518593855,63.697779210526754,65.40844323780638,6.25437006326968,0.7645016957488143,0.0
synthetic_high_067,high,80.37466578904491,6,34.726477876838494,172.85620391664284,459.29912156604496,117.67314899662537,17,43,0.15587418311388435,43.95941044651716,54.521980538539445,73.73348552065788,120.09353124440352,19.41751014873103,0.7595840632741366,0.5206900920211531
synthetic_high_068,high,60.39257679067491,5,28.182904285630883,805.5483262919248,1070.6387309761317,131.52575657786758,58,0,0.7608361831546734,31.077876026971246,47.90422325352694,61.65331133482624,68.2920005864587,0.0,0.7713177465351594,0.0
synthetic_high_069,high,53.67942275359959,5,26.367559250832656,732.7331663153162,1134.0701013718267,190.18801327394104,64,15,0.8815364271220272,26.27942193019613,49.865432868026325,63.88143064916359,68.09232872330242,3.4329913220320734,0.7732800264449244,0.16382873852370375
synthetic_high_070,high,62.20501311956014,7,29.335579172819667,702.8473939105758,1102.9910580959577,141.4510553573221,58,0,0.9961848073620667,28.515610631271777,49.3836995861189,60.8333364691125,60.37885358296202,0.0,0.7779453436113332,0.0
synthetic_high_071,high,58.98874633826526,7,26.794605073551107,734.6290161882902,1057.2527340909417,148.8030836536805,69,7,0.8941132843415477,24.017642838286193,48.95787347623483,62.74068199964791,54.40270200533452,0.0,0.777984712035567,0.0
synthetic_high_072,high,61.24452466908527,6,28.868603378905554,534.8353925218919,1001.406370508851,169.58469271032564,57,6,0.8210028395254401,28.09960155376657,47.784953199136886,62.168997757729464,83.14088035008008,0.6517113962331351,0.7606259548704181,0.06911977287592887
synthetic_high_073,high,76.74698107145586,6,32.22396853749451,0.0,545.6715009765894,82.21635320781638,8,49,0.0,40.17143730798013,57.37096815830644,71.96652152349137,109.73819234478879,15.822417797754365,0.7327493458426191,0.5889844056187362
synthetic_high_074,high,76.47110613484757,7,31.90142572777571,62.158133790548604,588.1153024868308,89.21217805945471,18,38,0.3902757460687702,38.69453974665067,56.08145013138897,72.63791523289788,110.01109965868307,13.36668862216618,0.7445239940270402,0.43244043181919695
synthetic_high_075,high,75.66679672391314,5,33.72183651113139,96.95129348334622,584.21100929095,92.44280240466415,18,40,0.08595791111691095,45.43123942551746,54.671678348385015,72.44703227492512,109.30008458830024,16.459170650995787,0.7370152843408754,0.7362232260640589
synthetic_high_076,high,62.670245807093565,6,27.45506892978781,608.2621648115075,880.5368706021266,189.75152074312376,51,11,1.0,26.832423299507894,48.61424737398436,64.78510183792993,64.53561405786232,6.455028742144178,0.7793047389995537,0.11726334663227476
synthetic_high_077,high,64.91018588753634,6,26.997773401958018,639.4839491969516,825.2204485941348,172.71475139095065,57,0,0.913980063260118,32.92776205717031,49.90645813934132,62.24329488957114,73.91772815403387,5.218286972361529,0.7733864939314083,0.0
synthetic_high_078,high,55.61772616266905,6,27.283750156587796,801.2514506736193,872.3383213815742,162.51687493881684,54,13,0.8843783976529829,31.336071358129793,46.911092861633264,68.46059547066173,63.9182107492161,2.0129731399054496,0.7847678914330306,0.0
synthetic_high_079,high,75.7887885182694,6,33.893627725470836,93.96529056106287,521.0795783124396,84.84622136293582,12,48,0.5990813348428778,47.73561723218702,53.57387354602559,72.96739824630579,111.93930076967322,17.623516619616748,0.7378659059033584,0.5829415482445912
synthetic_high_080,high,68.22356506130217,4,35.05254301838141,88.38803142486336,549.4348527273752,122.01484893176843,25,68,0.03708330507151797,42.88883903876106,52.16573576957772,72.25289212307399,112.40967676658761,19.485130211194758,0.7360252778922719,0.5951784069109518
synthetic_high_081,high,62.54342046891971,6,26.884934106057166,619.024480168601,998.8389826193583,173.71369955374743,51,0,0.9745312155537752,27.92345260199077,48.15010742437793,62.65154391457558,62.19278833246399,5.592645822225151,0.782693373561059,0.11011662402807323
synthetic_high_082,high,53.21796288600102,6,29.733555560141955,742.5740648532956,1117.3462195649047,185.8642912963817,45,0,1.0,33.63629659528315,47.637326322880206,61.01598879939995,58.9552502684944,0.0,0.7595229377065551,0.0
synthetic_high_083,high,78.78841871503178,6,35.67768929834857,181.67948822242158,658.159515005759,104.96085582170944,10,53,0.29052187099188975,39.33744474261931,56.29720614528684,75.53796172136539,101.63830412580941,14.742802685148245,0.7308875897806821,0.5934485683233047
synthetic_high_084,high,60.844295335903496,6,28.581192069114973,634.1320059082747,1262.6582630877224,180.1140584685223,63,2,1.0,31.666563166475502,48.6612518742463,62.10220813887168,65.8267354590118,0.0,0.7723087231925784,0.0
synthetic_high_085,high,74.14109068963769,6,35.28122317932785,0.0,694.9238840171475,102.71572894681952,24,33,0.3198158361590566,40.826418127698744,55.22246329226457,76.4380590663891,118.88231617310139,13.756162178197858,0.7410369046172487,0.5668975338277072
synthetic_high_086,high,68.11198373950712,7,28.247136937730478,523.038902265524,1069.3445310732789,156.5692465677111,60,0,1.0,27.387606446981135,50.353864105067096,61.39566174706128,74.75166616418369,0.0,0.7772312367064924,0.0
synthetic_high_087,high,75.3034327526537,7,33.20737962216903,56.377449690918205,529.4663539788503,73.966740098402,18,37,0.32370738675934785,46.557210420359326,51.29248342548474,71.81493606721368,120.84049243865512,8.946002762764756,0.7471605669462589,0.5641032799719691
synthetic_high_088,high,53.96224940180475,4,28.849363986771085,680.5425418196538,825.4790865835492,147.35608511135248,81,0,1.0,27.90660880839077,45.56774911271888,62.431057767063194,63.60533853537268,0.4803095830357218,0.769502760605966,0.03372345303245396
synthetic_high_089,high,58.05302483010003,5,29.37194549227717,496.49795639279216,966.76150817272,172.33020250210475,54,0,0.7741009602717935,33.8779409121096,47.40510776592184,61.40578053836125,45.249282171900475,1.9056131334189177,0.7676163630940835,0.023207011887102006
synthetic_high_090,high,58.71060720041963,6,27.555372300471596,802.2170369645735,857.8244927215679,166.721613099348,53,6,0.923023648835616,32.790051330797674,47.249474763267315,65.7066045602871,66.45356446194039,0.0,0.7763602367174499,0.0
synthetic_high_091,high,45.033295867557925,6,26.536804368814053,658.4046774474016,978.8165841575508,149.00999648062245,57,2,1.0,32.208435635274064,48.94007980554626,60.51366267042124,53.88879627389595,4.226161346244408,0.768765741653489,0.03182171188353901
synthetic_high_092,high,80.5842510569871,6,35.53029034165045,145.0681867130993,340.1661025638841,92.95660925678426,14,55,0.0,51.20102032906814,55.304887180577985,73.18601068440825,129.6117622055355,25.925112031208737,0.7431443900501568,0.6367036815087047
synthetic_high_093,high,77.07105177712212,7,34.693260898485335,116.00854927784653,565.0348707844072,90.32637469079651,22,33,0.046905541311667825,46.257354483183,51.95320235400462,72.03040150884382,102.78122579847889,15.625416535146103,0.7372243144805234,0.6412647671424077
synthetic_high_094,high,62.94345836364353,5,28.043668098784785,605.92142325211,1069.2853911807376,171.47469805570435,49,0,1.0,27.429603928892757,50.38582217326012,64.35382387883759,68.86289735328151,3.446377758692506,0.7664637905587147,0.0
synthetic_high_095,high,77.69384514191661,7,35.123633365702204,0.0,570.3667398648936,113.00383083320476,28,41,0.4026285599473657,44.06540953706859,52.97067829940953,74.7926408496209,117.22274448783446,10.603624487549872,0.7330970164889392,0.5207112478619161
synthetic_high_096,high,80.39642926522573,7,33.27583413469597,0.0,602.3266459516301,88.5025371879112,14,65,0.423325387751829,43.508256418880585,52.66968969896634,73.34023921798287,128.18152112044808,15.726072269278777,0.7472886716230097,0.6805931014770173
synthetic_high_097,high,84.78652818477504,5,33.0443381742829,0.0,573.8599423434874,127.7293778199995,8,45,0.30044107971816636,40.204805161857955,54.0568025477674,74.28530758427026,106.31046630729017,15.864812380840293,0.731910757429557,0.5023781591519131
synthetic_high_098,high,81.8828128128753,6,33.4510143048439,31.475553850151513,553.9134617627768,103.82718510499754,23,49,0.22884919715880583,41.08853048037226,52.493230220838925,75.98468786343562,141.9278589842128,21.633202323943795,0.7247698273463294,0.6160567171969739
synthetic_high_099,high,75.68529141122251,6,34.27465566959015,246.79838372247872,658.2811327993242,115.66161003335566,22,32,0.2453612758993116,46.41066472908844,54.45342935037083,74.05981179228631,111.5661314906084,13.27249251310231,0.7345680557356565,0.5550627534049453
synthetic_high_100,high,75.95547673408784,6,34.24977340635364,12.270533788936298,684.4200367243432,90.54426077467143,12,15,0.1830242254025386,47.21058109434637,51.49985778123972,70.47048060542161,120.68106668922007,8.715272101331346,0.7312262257742779,0.6612113272140889
